Titulo,Nombre del Canal,Subcriptores,Vistas Totales,Numero de Comentarios,Direccion,Ratio
XAUUSD Scalping Strategy,The Moving Average,958000,1294914,558,https://www.youtube.com/watch?v=oDOCBTYgCQM,2129794717376344.0
BEST Gold Trading Strategy You&#39;ll EVER SEE!,Trade with Pat,201000,180550,232,https://www.youtube.com/watch?v=rtl2EaJuWko,31441381681034.484
BEST Trend Following Strategies for GOLD. XAUUSD DAY TRADING in 2024 (Get MAXIMUM Pips),VasilyTrader,26100,15055,20,https://www.youtube.com/watch?v=Uvq5nhuzX9o,512780827499.99994
Make $3K Every DAY Trading GOLD (Easy Strategy),Trade with Pat,201000,199386,267,https://www.youtube.com/watch?v=nE9Zrf7HowY,30170014179775.273
This GOLD Trading Strategy makes me $1000 a day,The Trading Geek,990000,753962,767,https://www.youtube.com/watch?v=AY7fWmE1CBk,963439577835723.5
3 Key Tips for Trading Gold!,TraderNick,455000,93997,95,https://www.youtube.com/watch?v=oc2zqnvsqi0,204839251842105.28
Proven 5-Minute Forex Scalping Strategy for XAUUSD/GOLD. 🦁📈,Forex Trading Lions,14000,117348,35,https://www.youtube.com/watch?v=fSp-jMvNOhE,657148800000.0
"The Only GOLD Trading Strategy You Need to Turn 10$ to 1,800$ Daily",VasilyTrader,26100,98375,175,https://www.youtube.com/watch?v=dCRSkQpbENU,382937335714.2857
Best ICT Gold Trading Strategy That Works Every Time! (High Winrate),Faiz SMC,128000,341499,1072,https://www.youtube.com/watch?v=4ZY5OTWt3vU,5219328000000.0
GOLDEN STRATEGY FOR GOLD ( XAUUSD ),Young Trader Viraj,155000,28585,203,https://www.youtube.com/watch?v=z7jmHFIRIgI,3383027709359.607
Revealing My Ultimate Gold Trading Strategy,Kommon Forex,13100,40648,87,https://www.youtube.com/watch?v=8Fr7YVKXfcg,80179348045.977
EASIEST XAUUSD Trading Strategy ANYONE Can Do!,TheForexHeist,27700,16803,186,https://www.youtube.com/watch?v=BdQsxuIszbo,69315988548.38712
How to Trade XAU/USD: Best Gold Trading Strategy?,TraderNick,455000,420067,365,https://www.youtube.com/watch?v=yuFfAM2abhQ,238258549794520.56
Best Gold Trading Strategy With 83% Winrate! (Insane Accuracy),Faiz SMC,128000,43590,265,https://www.youtube.com/watch?v=rXUDahzLjZM,2695013433962.2637
Gold Live Signals - XAUUSD TIME FRAME 5 Minute M5  |  Best Forex Strategy Almost No Risk,ForexLia,253000,10901606,0,https://www.youtube.com/watch?v=Cf9klXhb0G8,inf
MOST BASIC ICT Liquidity Strategy for GOLD (Pass Prop Firms),Solo E TV,101000,23506,82,https://www.youtube.com/watch?v=RAT0_ZmiMX4,2924203731707.3174
The BEST Forex Trading Strategy for Gold *LIVE TRADING XAU/USD*,Jooviers Gems,535000,72923,178,https://www.youtube.com/watch?v=vJvlj3NkmtM,117260593679775.28
BEST TradingView Indicator for Day Trading GOLD! (Easy STRATEGY),Trade with Pat,201000,121759,229,https://www.youtube.com/watch?v=5xR-Jhy6E2o,21481158772925.766
XAUUSD Scalping Strategy: 5 Minutes Timeframe !,Transparent Fx Academy,149000,51597,37,https://www.youtube.com/watch?v=njjug8HxiUM,30959594513513.516
I Discovered the Secret to XAUUSD Trading (Strategy) Pt. 1,Samuel Tochi,28800,64372,191,https://www.youtube.com/watch?v=pVT0d49f_gU,279542993089.00525
The HIGHEST Win Rate GOLD Scalping Strategy (83% Winrate),Trade with Pat,201000,73341,165,https://www.youtube.com/watch?v=kqN5qUFUY9E,17957877218181.82
3 SECRETS OF GOLD (XAUUSD),Young Trader Viraj,155000,96050,423,https://www.youtube.com/watch?v=SLMs3Rt6Q3A,5455322104018.913
🎯 99% Gold Secret Strategy,Saint Patrick Fx,28700,29961,51,https://www.youtube.com/watch?v=5-fGIKl8WdM,483893648823.5294
95% Profitable Forex Trading Strategy for XAUUSD,Saint Patrick Fx,28700,6657,4,https://www.youtube.com/watch?v=5i0aoiIGPHE,1370826082500.0
I Found A Trading Strategy With a 225% Profit Rate #shorts,TradingLab,1260000,1419320,584,https://www.youtube.com/watch?v=O2-oSMyzTzs,3858411698630137.5
How I Scalp Gold in 2022,The Trading Geek,990000,340363,231,https://www.youtube.com/watch?v=lMMdvriN0d8,1444111585714285.8
🔴 LIVE FOREX DAY TRADING - XAUUSD GOLD SIGNALS 08/10/2024,Easy Forex Pips,229000,4926,0,https://www.youtube.com/watch?v=PkObCP8j5Kw,inf
Gold 5 min scalping Strategy || tradelikemalika #forextrading #trading,Trade Like Malika,41500,23416,50,https://www.youtube.com/watch?v=SH6ILKnM5_A,806564120000.0001
The best time to trade gold (XAUUSD) | Part 1 | Gold trading strategy,TIOmarkets,5670,59958,53,https://www.youtube.com/watch?v=F3fgiERWYQQ,36369504645.28302
How To Predict Reversals,TradingLab,1260000,4593397,1819,https://www.youtube.com/watch?v=2A2CqCmDbl0,4009058316217702.0
Very PROFITABLE Trading Strategy with Only 1 Indicator! #shorts,Hyper Trade,60500,1568537,306,https://www.youtube.com/watch?v=10AQTV-xCzI,18762214229575.164
Advanced Gold Trading Psychology 2024,Booming Bulls,2310000,107713,219,https://www.youtube.com/watch?v=XY6cSGJTiyo,2624508398630137.0
Top 3 Gold Trading Tips for 2024,BKTraders - Kathy Lien & Boris Schlossberg,62500,122857,184,https://www.youtube.com/watch?v=KkChMmTz9kU,2608207370923.9136
How I trade Gold 2024,WealthFRX,33200,113842,87,https://www.youtube.com/watch?v=OXWfi2bitpI,1442312713563.2185
How to Trade XAUUSD: Best Gold Trading Strategy?,WillssFX,81800,52902,57,https://www.youtube.com/watch?v=q6NayXQgZFs,6210175061052.631
I Found An AMAZING Trend Following Strategy #shorts,TradingLab,1260000,1037613,675,https://www.youtube.com/watch?v=YV-gwsg2Ekc,2440465776000000.0
The Only GOLD (XAUUSD) Trading Strategy You Need in 2023,Samuel Tochi,28800,45040,140,https://www.youtube.com/watch?v=XsZ5ond_7n4,266842697142.85715
I Tested This Trading Strategy &amp; It Made 310%,TradingLab,1260000,1359463,736,https://www.youtube.com/watch?v=vQeyR1LMB7c,2932450351630434.5
200 PIPS a Day XAUUSD 5 Minute Trading Strategy,Ajwad Trades,15900,23750,32,https://www.youtube.com/watch?v=yr9H-fVEJ0w,187632421875.0
• Forex Gold Trading Strategy Live | Forex Gold Live Trading Tutorial 2022,Precious Pips,4790,337103,284,https://www.youtube.com/watch?v=kY4jOziglF0,27234242754.577465
How to Trade XAUUSD: Best Gold Trading Strategy in 2023,Petko Aleksandrov,62900,21232,21,https://www.youtube.com/watch?v=i2ZXJNwwaz0,4000118910476.1904
THE BEST SCALPING INDICATOR ON TRADINGVIEW | STRATEGY | SCALPING | 1MINUTE | #forex,Valor Algo,12100,659072,430,https://www.youtube.com/watch?v=0TnTKymJ_VE,224406352372.09302
"BEST Scalping Trading Strategy For Beginners (How To Scalp Forex, Stocks, and Crypto)",TradingLab,1260000,624132,1104,https://www.youtube.com/watch?v=XBcMiYK7qYY,897528952173913.1
"SMC AND GOLD (XAUUSD) UNDERSTANDING GOLDS CONNECTION WITH ORDERBLOCKS, MARKETSTRUCTURE AND LQ!",Traq FX,81300,55338,150,https://www.youtube.com/watch?v=QLFHCtTJHAg,2438446834800.0
The Best Scalping Hour To Trade XAUUSD : Unknown Forex Strategy,ForexWizard,45200,11838,40,https://www.youtube.com/watch?v=rd1rjU5sgSc,604637688000.0
Best Gold Trading Strategy? Backtesting a XAU/USD Trend Trading Strategy!,TraderNick,455000,14667,102,https://www.youtube.com/watch?v=dAR52QcK9mg,29768977205882.35
BEST MACD Trading Strategy [86% Win Rate],TradingLab,1260000,2636193,3612,https://www.youtube.com/watch?v=rf_EQvubKlk,1158698783720930.2
Four Price Action Secrets (The Ultimate Guide To Price Action),TradingLab,1260000,1087622,896,https://www.youtube.com/watch?v=0L6Rcgp6j7Y,1927130231250000.0
"How I Made $1,400,000 in 2022 with Trading",Umar Ashraf,775000,1258320,735,https://www.youtube.com/watch?v=dwEdZ0kJazQ,1028270000000000.0
This indicator will help you predict market moves in Tradingview #shorts #forex #forextrading,Easy Forex Pips,229000,872100,147,https://www.youtube.com/watch?v=uT0oXwT1ttg,311114259183673.5
